time,max_z,min_z,mean_z,num_points
0.0,0.10504673421382904,0.10299599170684814,0.10400959849357605,12260